player_id,rookie_season,error
thomaet01,2001,No tables found
alexaco02,2001,HTTP Error 429: Too Many Requests
cleavma01,2001,HTTP Error 429: Too Many Requests
collija02,2001,HTTP Error 429: Too Many Requests
turkohe01,2001,HTTP Error 429: Too Many Requests
masonde01,2001,HTTP Error 429: Too Many Requests
richaqu01,2001,HTTP Error 429: Too Many Requests
magloja01,2001,HTTP Error 429: Too Many Requests
claxtsp01,2001,HTTP Error 429: Too Many Requests
petermo01,2001,HTTP Error 429: Too Many Requests
harvedo01,2001,HTTP Error 429: Too Many Requests
stevede01,2001,HTTP Error 429: Too Many Requests
bagarda01,2001,HTTP Error 429: Too Many Requests
tsakaja01,2001,HTTP Error 429: Too Many Requests
ndiayma02,2001,HTTP Error 429: Too Many Requests
brezepr01,2001,HTTP Error 429: Too Many Requests
barkler01,2001,HTTP Error 429: Too Many Requests
madsema01,2001,HTTP Error 429: Too Many Requests
jaricma01,2001,HTTP Error 429: Too Many Requests
langhda01,2001,HTTP Error 429: Too Many Requests
guytoaj01,2001,HTTP Error 429: Too Many Requests
voskuja01,2001,HTTP Error 429: Too Many Requests
elamikh01,2001,HTTP Error 429: Too Many Requests
smithmi03,2001,HTTP Error 429: Too Many Requests
samakso01,2001,HTTP Error 429: Too Many Requests
houseed01,2001,HTTP Error 429: Too Many Requests
najered01,2001,HTTP Error 429: Too Many Requests
postela01,2001,HTTP Error 429: Too Many Requests
mottoha01,2001,HTTP Error 429: Too Many Requests
carrach01,2001,HTTP Error 429: Too Many Requests
oyedeol01,2001,HTTP Error 429: Too Many Requests
reddmi01,2001,HTTP Error 429: Too Many Requests
cardibr01,2001,HTTP Error 429: Too Many Requests
smithja01,2001,HTTP Error 429: Too Many Requests
huletde01,2001,HTTP Error 429: Too Many Requests
sesarjo01,2001,HTTP Error 429: Too Many Requests
karchma01,2001,HTTP Error 429: Too Many Requests
hartja01,2001,HTTP Error 429: Too Many Requests
dickeka01,2001,HTTP Error 429: Too Many Requests
rakocig01,2001,HTTP Error 429: Too Many Requests
browner01,2001,HTTP Error 429: Too Many Requests
mcclida01,2001,HTTP Error 429: Too Many Requests
hightco01,2001,HTTP Error 429: Too Many Requests
portech01,2001,HTTP Error 429: Too Many Requests
wallsja01,2001,HTTP Error 429: Too Many Requests
pennsc01,2001,HTTP Error 429: Too Many Requests
mickepe01,2001,HTTP Error 429: Too Many Requests
brownkw01,2002,HTTP Error 429: Too Many Requests
chandty01,2002,HTTP Error 429: Too Many Requests
gasolpa01,2002,HTTP Error 429: Too Many Requests
curryed01,2002,HTTP Error 429: Too Many Requests
richaja01,2002,HTTP Error 429: Too Many Requests
battish01,2002,HTTP Error 429: Too Many Requests
griffed01,2002,HTTP Error 429: Too Many Requests
diopde01,2002,HTTP Error 429: Too Many Requests
whitero02,2002,HTTP Error 429: Too Many Requests
johnsjo02,2002,HTTP Error 429: Too Many Requests
brownke01,2002,HTTP Error 429: Too Many Requests
radmavl01,2002,HTTP Error 429: Too Many Requests
jefferi01,2002,HTTP Error 429: Too Many Requests
murphtr01,2002,HTTP Error 429: Too Many Requests
huntest01,2002,HTTP Error 429: Too Many Requests
hastoki01,2002,HTTP Error 429: Too Many Requests
bradlmi01,2002,HTTP Error 429: Too Many Requests
collija04,2002,HTTP Error 429: Too Many Requests
randoza01,2002,HTTP Error 429: Too Many Requests
haywobr01,2002,HTTP Error 429: Too Many Requests
fortejo01,2002,HTTP Error 429: Too Many Requests
sasseje01,2002,HTTP Error 429: Too Many Requests
armstbr01,2002,HTTP Error 429: Too Many Requests
lopezra01,2002,HTTP Error 429: Too Many Requests
wallage01,2002,HTTP Error 429: Too Many Requests
dalemsa01,2002,HTTP Error 429: Too Many Requests
tinslja01,2002,HTTP Error 429: Too Many Requests
parketo01,2002,HTTP Error 429: Too Many Requests
hassetr01,2002,HTTP Error 429: Too Many Requests
arenagi01,2002,HTTP Error 429: Too Many Requests
cookom01,2002,HTTP Error 429: Too Many Requests
solomwi01,2002,HTTP Error 429: Too Many Requests
morrite01,2002,HTTP Error 429: Too Many Requests
scalabr01,2002,HTTP Error 429: Too Many Requests
trepaje01,2002,HTTP Error 429: Too Many Requests
brownda02,2002,HTTP Error 429: Too Many Requests
okurme01,2002,HTTP Error 429: Too Many Requests
wrighmi01,2002,HTTP Error 429: Too Many Requests
watsoea01,2002,HTTP Error 429: Too Many Requests
breweja01,2002,HTTP Error 429: Too Many Requests
simmobo01,2002,HTTP Error 429: Too Many Requests
chenoer01,2002,HTTP Error 429: Too Many Requests
hillky01,2002,HTTP Error 429: Too Many Requests
lamplse01,2002,HTTP Error 429: Too Many Requests
woodslo01,2002,HTTP Error 429: Too Many Requests
cisseou01,2002,HTTP Error 429: Too Many Requests
fotsian01,2002,HTTP Error 429: Too Many Requests
johnske03,2002,HTTP Error 429: Too Many Requests
boumtru01,2002,HTTP Error 429: Too Many Requests
fordal02,2002,HTTP Error 429: Too Many Requests
hutsoan01,2002,HTTP Error 429: Too Many Requests
collija03,2002,HTTP Error 429: Too Many Requests
satteke01,2002,HTTP Error 429: Too Many Requests
jeffema01,2002,HTTP Error 429: Too Many Requests
javtoro01,2002,HTTP Error 429: Too Many Requests
jonesal01,2002,HTTP Error 429: Too Many Requests
bracebr01,2002,HTTP Error 429: Too Many Requests
mingya01,2003,HTTP Error 429: Too Many Requests
willija03,2003,HTTP Error 429: Too Many Requests
dunlemi02,2003,HTTP Error 429: Too Many Requests
goodedr01,2003,HTTP Error 429: Too Many Requests
tskitni01,2003,HTTP Error 429: Too Many Requests
wagneda02,2003,HTTP Error 429: Too Many Requests
hilarne01,2003,HTTP Error 429: Too Many Requests
wilcoch01,2003,HTTP Error 429: Too Many Requests
stoudam01,2003,HTTP Error 429: Too Many Requests
butleca01,2003,HTTP Error 429: Too Many Requests
jeffrja01,2003,HTTP Error 429: Too Many Requests
elyme01,2003,HTTP Error 429: Too Many Requests
haislma01,2003,HTTP Error 429: Too Many Requests
jonesfr01,2003,HTTP Error 429: Too Many Requests
nachbbo01,2003,HTTP Error 429: Too Many Requests
welscji01,2003,HTTP Error 429: Too Many Requests
dixonju01,2003,HTTP Error 429: Too Many Requests
borchcu01,2003,HTTP Error 429: Too Many Requests
humphry01,2003,HTTP Error 429: Too Many Requests
rushka01,2003,HTTP Error 429: Too Many Requests
woodsqy01,2003,HTTP Error 429: Too Many Requests
jacobca01,2003,HTTP Error 429: Too Many Requests
princta01,2003,HTTP Error 429: Too Many Requests
krstine01,2003,HTTP Error 429: Too Many Requests
willifr02,2003,HTTP Error 429: Too Many Requests
salmojo01,2003,HTTP Error 429: Too Many Requests
jeffech01,2003,HTTP Error 429: Too Many Requests
dickada01,2003,HTTP Error 429: Too Many Requests
loganst01,2003,HTTP Error 429: Too Many Requests
masonro01,2003,HTTP Error 429: Too Many Requests
archiro01,2003,HTTP Error 429: Too Many Requests
yarbrvi01,2003,HTTP Error 429: Too Many Requests
gadzuda01,2003,HTTP Error 429: Too Many Requests
boozeca01,2003,HTTP Error 429: Too Many Requests
vujanmi01,2003,HTTP Error 429: Too Many Requests
anderda03,2003,HTTP Error 429: Too Many Requests
maddoti01,2003,HTTP Error 429: Too Many Requests
grizzro01,2003,HTTP Error 429: Too Many Requests
navarju01,2003,HTTP Error 429: Too Many Requests
kasunma01,2003,HTTP Error 429: Too Many Requests
murraro01,2003,HTTP Error 429: Too Many Requests
jennija01,2003,HTTP Error 429: Too Many Requests
baxtelo01,2003,HTTP Error 429: Too Many Requests
clancsa02,2003,HTTP Error 429: Too Many Requests
barnema02,2003,HTTP Error 429: Too Many Requests
sampsja01,2003,HTTP Error 429: Too Many Requests
owensch01,2003,HTTP Error 429: Too Many Requests
fehsepe01,2003,HTTP Error 429: Too Many Requests
songada01,2003,HTTP Error 429: Too Many Requests
kammefe01,2003,HTTP Error 429: Too Many Requests
tayloma03,2003,HTTP Error 429: Too Many Requests
butlera01,2003,HTTP Error 429: Too Many Requests
slayta01,2003,HTTP Error 429: Too Many Requests
sekulml01,2003,HTTP Error 429: Too Many Requests
scolalu01,2003,HTTP Error 429: Too Many Requests
holcora01,2003,HTTP Error 429: Too Many Requests
edwarco01,2003,HTTP Error 429: Too Many Requests
jamesle01,2004,HTTP Error 429: Too Many Requests
milicda01,2004,HTTP Error 429: Too Many Requests
anthoca01,2004,HTTP Error 429: Too Many Requests
boshch01,2004,HTTP Error 429: Too Many Requests
wadedw01,2004,HTTP Error 429: Too Many Requests
kamanch01,2004,HTTP Error 429: Too Many Requests
hinriki01,2004,HTTP Error 429: Too Many Requests
fordtj01,2004,HTTP Error 429: Too Many Requests
sweetmi01,2004,HTTP Error 429: Too Many Requests
hayesja01,2004,HTTP Error 429: Too Many Requests
pietrmi01,2004,HTTP Error 429: Too Many Requests
collini01,2004,HTTP Error 429: Too Many Requests
banksma01,2004,HTTP Error 429: Too Many Requests
ridnolu01,2004,HTTP Error 429: Too Many Requests
gainere01,2004,HTTP Error 429: Too Many Requests
belltr01,2004,HTTP Error 429: Too Many Requests
cabarza01,2004,HTTP Error 429: Too Many Requests
westda01,2004,HTTP Error 429: Too Many Requests
pavloal01,2004,HTTP Error 429: Too Many Requests
jonesda02,2004,HTTP Error 429: Too Many Requests
diawbo01,2004,HTTP Error 429: Too Many Requests
planizo01,2004,HTTP Error 429: Too Many Requests
outlatr01,2004,HTTP Error 429: Too Many Requests
cookbr01,2004,HTTP Error 429: Too Many Requests
delfica01,2004,HTTP Error 429: Too Many Requests
ebind01,2004,HTTP Error 429: Too Many Requests
perkike01,2004,HTTP Error 429: Too Many Requests
barbole01,2004,HTTP Error 429: Too Many Requests
howarjo01,2004,HTTP Error 429: Too Many Requests
lampema01,2004,HTTP Error 429: Too Many Requests
kaponja01,2004,HTTP Error 429: Too Many Requests
waltolu01,2004,HTTP Error 429: Too Many Requests
beaslje01,2004,HTTP Error 429: Too Many Requests
schorso01,2004,HTTP Error 429: Too Many Requests
szewcsz01,2004,HTTP Error 429: Too Many Requests
austima01,2004,HTTP Error 429: Too Many Requests
hansetr01,2004,HTTP Error 429: Too Many Requests
blakest01,2004,HTTP Error 429: Too Many Requests
vranesl01,2004,HTTP Error 429: Too Many Requests
zimmede01,2004,HTTP Error 429: Too Many Requests
greenwi01,2004,HTTP Error 429: Too Many Requests
pachuza01,2004,HTTP Error 429: Too Many Requests
boganke01,2004,HTTP Error 429: Too Many Requests
badiama01,2004,HTTP Error 429: Too Many Requests
bonnema01,2004,HTTP Error 429: Too Many Requests
becirsa01,2004,HTTP Error 429: Too Many Requests
willima01,2004,HTTP Error 429: Too Many Requests
langja01,2004,HTTP Error 429: Too Many Requests
jonesja02,2004,HTTP Error 429: Too Many Requests
morlepa01,2004,HTTP Error 429: Too Many Requests
korveky01,2004,HTTP Error 429: Too Many Requests
vandera01,2004,HTTP Error 429: Too Many Requests
smithto03,2004,HTTP Error 429: Too Many Requests
sinanne01,2004,HTTP Error 429: Too Many Requests
rickeri01,2004,HTTP Error 429: Too Many Requests
huntebr01,2004,HTTP Error 429: Too Many Requests
yuyanxu01,2004,HTTP Error 429: Too Many Requests
glynian01,2004,HTTP Error 429: Too Many Requests
howardw01,2005,HTTP Error 429: Too Many Requests
okafoem01,2005,HTTP Error 429: Too Many Requests
gordobe01,2005,HTTP Error 429: Too Many Requests
livinsh01,2005,HTTP Error 429: Too Many Requests
harride01,2005,HTTP Error 429: Too Many Requests
childjo01,2005,HTTP Error 429: Too Many Requests
denglu01,2005,HTTP Error 429: Too Many Requests
araujra01,2005,HTTP Error 429: Too Many Requests
iguodan01,2005,HTTP Error 429: Too Many Requests
jackslu02,2005,HTTP Error 429: Too Many Requests
biedran01,2005,HTTP Error 429: Too Many Requests
swiftro01,2005,HTTP Error 429: Too Many Requests
telfase01,2005,HTTP Error 429: Too Many Requests
humphkr01,2005,HTTP Error 429: Too Many Requests
jeffeal01,2005,HTTP Error 429: Too Many Requests
snydeki01,2005,HTTP Error 429: Too Many Requests
smithjo03,2005,HTTP Error 429: Too Many Requests
smithjr01,2005,HTTP Error 429: Too Many Requests
wrighdo01,2005,HTTP Error 429: Too Many Requests
nelsoja01,2005,HTTP Error 429: Too Many Requests
podkopa01,2005,HTTP Error 429: Too Many Requests
khryavi01,2005,HTTP Error 429: Too Many Requests
moniase01,2005,HTTP Error 429: Too Many Requests
westde01,2005,HTTP Error 429: Too Many Requests
allento01,2005,HTTP Error 429: Too Many Requests
vujacsa01,2005,HTTP Error 429: Too Many Requests
udrihbe01,2005,HTTP Error 429: Too Many Requests
harrida01,2005,HTTP Error 429: Too Many Requests
varejan01,2005,HTTP Error 429: Too Many Requests
vromaja01,2005,HTTP Error 429: Too Many Requests
ramospe01,2005,HTTP Error 429: Too Many Requests
chalmli01,2005,HTTP Error 429: Too Many Requests
smithdo04,2005,HTTP Error 429: Too Many Requests
emmetan01,2005,HTTP Error 429: Too Many Requests
burksan01,2005,HTTP Error 429: Too Many Requests
iveyro01,2005,HTTP Error 429: Too Many Requests
duhonch01,2005,HTTP Error 429: Too Many Requests
miralal01,2005,HTTP Error 429: Too Many Requests
reedju01,2005,HTTP Error 429: Too Many Requests
youngda02,2005,HTTP Error 429: Too Many Requests
sanikvi01,2005,HTTP Error 429: Too Many Requests
arizatr01,2005,HTTP Error 429: Too Many Requests
picketi02,2005,HTTP Error 429: Too Many Requests
robinbe01,2005,HTTP Error 429: Too Many Requests
seungha01,2005,HTTP Error 429: Too Many Requests
sowpa01,2005,HTTP Error 429: Too Many Requests
minarri01,2005,HTTP Error 429: Too Many Requests
lishcse01,2005,HTTP Error 429: Too Many Requests
spanova01,2005,HTTP Error 429: Too Many Requests
drejech01,2005,HTTP Error 429: Too Many Requests
satoro01,2005,HTTP Error 429: Too Many Requests
freijma01,2005,HTTP Error 429: Too Many Requests
pauldri01,2005,HTTP Error 429: Too Many Requests
florelu01,2005,HTTP Error 429: Too Many Requests
douthma01,2005,HTTP Error 429: Too Many Requests
karause01,2005,HTTP Error 429: Too Many Requests
steppbl01,2005,HTTP Error 429: Too Many Requests
wrighra01,2005,HTTP Error 429: Too Many Requests
bogutan01,2006,HTTP Error 429: Too Many Requests
willima02,2006,HTTP Error 429: Too Many Requests
willide01,2006,HTTP Error 429: Too Many Requests
paulch01,2006,HTTP Error 429: Too Many Requests
feltora01,2006,HTTP Error 429: Too Many Requests
webstma02,2006,HTTP Error 429: Too Many Requests
villach01,2006,HTTP Error 429: Too Many Requests
fryech01,2006,HTTP Error 429: Too Many Requests
dioguik01,2006,HTTP Error 429: Too Many Requests
bynuman01,2006,HTTP Error 429: Too Many Requests
vazqufr01,2006,HTTP Error 429: Too Many Requests
korolya01,2006,HTTP Error 429: Too Many Requests
mayse01,2006,HTTP Error 429: Too Many Requests
mccanra01,2006,HTTP Error 429: Too Many Requests
wrighan01,2006,HTTP Error 429: Too Many Requests
grahajo01,2006,HTTP Error 429: Too Many Requests
greenge01,2006,HTTP Error 429: Too Many Requests
warriha01,2006,HTTP Error 429: Too Many Requests
hodgeju01,2006,HTTP Error 429: Too Many Requests
robinna01,2006,HTTP Error 429: Too Many Requests
jackja01,2006,HTTP Error 429: Too Many Requests
garcifr01,2006,HTTP Error 429: Too Many Requests
headlu01,2006,HTTP Error 429: Too Many Requests
petrojo01,2006,HTTP Error 429: Too Many Requests
maxieja01,2006,HTTP Error 429: Too Many Requests
kleizli01,2006,HTTP Error 429: Too Many Requests
mahinia01,2006,HTTP Error 429: Too Many Requests
simiewa01,2006,HTTP Error 429: Too Many Requests
leeda02,2006,HTTP Error 429: Too Many Requests
stoudsa01,2006,HTTP Error 429: Too Many Requests
ewingda01,2006,HTTP Error 429: Too Many Requests
bassbr01,2006,HTTP Error 429: Too Many Requests
milescj01,2006,HTTP Error 429: Too Many Requests
sanchri01,2006,HTTP Error 429: Too Many Requests
ilyaser01,2006,HTTP Error 429: Too Many Requests
turiaro01,2006,HTTP Error 429: Too Many Requests
dienetr01,2006,HTTP Error 429: Too Many Requests
wafervo01,2006,HTTP Error 429: Too Many Requests
ellismo01,2006,HTTP Error 429: Too Many Requests
ukicro01,2006,HTTP Error 429: Too Many Requests
taftch01,2006,HTTP Error 429: Too Many Requests
ilicmi01,2006,HTTP Error 429: Too Many Requests
andrima01,2006,HTTP Error 429: Too Many Requests
willilo02,2006,HTTP Error 429: Too Many Requests
lorbeer01,2006,HTTP Error 429: Too Many Requests
wrighbr02,2006,HTTP Error 429: Too Many Requests
gelabmi01,2006,HTTP Error 429: Too Many Requests
blatcan01,2006,HTTP Error 429: Too Many Requests
gomesry01,2006,HTTP Error 429: Too Many Requests
whalero01,2006,HTTP Error 429: Too Many Requests
herveax01,2006,HTTP Error 429: Too Many Requests
greenor01,2006,HTTP Error 429: Too Many Requests
thompdi01,2006,HTTP Error 429: Too Many Requests
roberla01,2006,HTTP Error 429: Too Many Requests
johnsam01,2006,HTTP Error 429: Too Many Requests
gortama01,2006,HTTP Error 429: Too Many Requests
slokaur01,2006,HTTP Error 429: Too Many Requests
akyolce01,2006,HTTP Error 429: Too Many Requests
ackeral01,2006,HTTP Error 429: Too Many Requests
bargnan01,2007,HTTP Error 429: Too Many Requests
aldrila01,2007,HTTP Error 429: Too Many Requests
morriad01,2007,HTTP Error 429: Too Many Requests
thomaty01,2007,HTTP Error 429: Too Many Requests
willish02,2007,HTTP Error 429: Too Many Requests
roybr01,2007,HTTP Error 429: Too Many Requests
foyera01,2007,HTTP Error 429: Too Many Requests
gayru01,2007,HTTP Error 429: Too Many Requests
obryapa01,2007,HTTP Error 429: Too Many Requests
senesa01,2007,HTTP Error 429: Too Many Requests
redicjj01,2007,HTTP Error 429: Too Many Requests
armsthi01,2007,HTTP Error 429: Too Many Requests
sefolth01,2007,HTTP Error 429: Too Many Requests
brewero02,2007,HTTP Error 429: Too Many Requests
simmoce01,2007,HTTP Error 429: Too Many Requests
carnero01,2007,HTTP Error 429: Too Many Requests
willish03,2007,HTTP Error 429: Too Many Requests
pecheol01,2007,HTTP Error 429: Too Many Requests
doubyqu01,2007,HTTP Error 429: Too Many Requests
balkmre01,2007,HTTP Error 429: Too Many Requests
rondora01,2007,HTTP Error 429: Too Many Requests
willima03,2007,HTTP Error 429: Too Many Requests
boonejo01,2007,HTTP Error 429: Too Many Requests
lowryky01,2007,HTTP Error 429: Too Many Requests
brownsh01,2007,HTTP Error 429: Too Many Requests
farmajo01,2007,HTTP Error 429: Too Many Requests
rodrise01,2007,HTTP Error 429: Too Many Requests
agerma01,2007,HTTP Error 429: Too Many Requests
collima01,2007,HTTP Error 429: Too Many Requests
freeljo01,2007,HTTP Error 429: Too Many Requests
whiteja02,2007,HTTP Error 429: Too Many Requests
novakst01,2007,HTTP Error 429: Too Many Requests
jonesso01,2007,HTTP Error 429: Too Many Requests
davispa01,2007,HTTP Error 429: Too Many Requests
tuckepj01,2007,HTTP Error 429: Too Many Requests
smithcr01,2007,HTTP Error 429: Too Many Requests
jonesbo02,2007,HTTP Error 429: Too Many Requests
perovko01,2007,HTTP Error 429: Too Many Requests
noelda01,2007,HTTP Error 429: Too Many Requests
brownde05,2007,HTTP Error 429: Too Many Requests
augusja01,2007,HTTP Error 429: Too Many Requests
gibsoda01,2007,HTTP Error 429: Too Many Requests
vincima01,2007,HTTP Error 429: Too Many Requests
eliyali01,2007,HTTP Error 429: Too Many Requests
johnsal01,2007,HTTP Error 429: Too Many Requests
brownde03,2007,HTTP Error 429: Too Many Requests
millspa01,2007,HTTP Error 429: Too Many Requests
veremvl01,2007,HTTP Error 429: Too Many Requests
powele01,2007,HTTP Error 429: Too Many Requests
holliry01,2007,HTTP Error 429: Too Many Requests
sambch01,2007,HTTP Error 429: Too Many Requests
diazgu01,2007,HTTP Error 429: Too Many Requests
halpeyo01,2007,HTTP Error 429: Too Many Requests
adamsha01,2007,HTTP Error 429: Too Many Requests
ugboaej01,2007,HTTP Error 429: Too Many Requests
bavcied01,2007,HTTP Error 429: Too Many Requests
mavrolo01,2007,HTTP Error 429: Too Many Requests
pinnojr01,2007,HTTP Error 429: Too Many Requests
markoda01,2007,HTTP Error 429: Too Many Requests
blalowi01,2007,HTTP Error 429: Too Many Requests
odengr01,2008,HTTP Error 429: Too Many Requests
duranke01,2008,HTTP Error 429: Too Many Requests
horfoal01,2008,HTTP Error 429: Too Many Requests
conlemi01,2008,HTTP Error 429: Too Many Requests
greenje02,2008,HTTP Error 429: Too Many Requests
jianlyi01,2008,HTTP Error 429: Too Many Requests
breweco01,2008,HTTP Error 429: Too Many Requests
wrighbr03,2008,HTTP Error 429: Too Many Requests
noahjo01,2008,HTTP Error 429: Too Many Requests
hawessp01,2008,HTTP Error 429: Too Many Requests
lawac01,2008,HTTP Error 429: Too Many Requests
youngth01,2008,HTTP Error 429: Too Many Requests
wrighju01,2008,HTTP Error 429: Too Many Requests
thornal01,2008,HTTP Error 429: Too Many Requests
stuckro01,2008,HTTP Error 429: Too Many Requests
youngni01,2008,HTTP Error 429: Too Many Requests
willise01,2008,HTTP Error 429: Too Many Requests
belinma01,2008,HTTP Error 429: Too Many Requests
crittja01,2008,HTTP Error 429: Too Many Requests
smithja02,2008,HTTP Error 429: Too Many Requests
cookda02,2008,HTTP Error 429: Too Many Requests
dudleja01,2008,HTTP Error 429: Too Many Requests
chandwi01,2008,HTTP Error 429: Too Many Requests
fernaru01,2008,HTTP Error 429: Too Many Requests
almonmo01,2008,HTTP Error 429: Too Many Requests
brookaa01,2008,HTTP Error 429: Too Many Requests
afflaar01,2008,HTTP Error 429: Too Many Requests
splitti01,2008,HTTP Error 429: Too Many Requests
tuckeal02,2008,HTTP Error 429: Too Many Requests
koponpe01,2008,HTTP Error 429: Too Many Requests
landrca01,2008,HTTP Error 429: Too Many Requests
pruitga01,2008,HTTP Error 429: Too Many Requests
willima04,2008,HTTP Error 429: Too Many Requests
fazekni01,2008,HTTP Error 429: Too Many Requests
davisgl01,2008,HTTP Error 429: Too Many Requests
davidje01,2008,HTTP Error 429: Too Many Requests
mcrobjo01,2008,HTTP Error 429: Too Many Requests
fesenky01,2008,HTTP Error 429: Too Many Requests
baracst01,2008,HTTP Error 429: Too Many Requests
yuesu01,2008,HTTP Error 429: Too Many Requests
richach01,2008,HTTP Error 429: Too Many Requests
byarsde01,2008,HTTP Error 429: Too Many Requests
halusad02,2008,HTTP Error 429: Too Many Requests
terryre01,2008,HTTP Error 429: Too Many Requests
jordaja01,2008,HTTP Error 429: Too Many Requests
lasmest01,2008,HTTP Error 429: Too Many Requests
mcguido01,2008,HTTP Error 429: Too Many Requests
gasolma01,2008,HTTP Error 429: Too Many Requests
grayaa01,2008,HTTP Error 429: Too Many Requests
seibure01,2008,HTTP Error 429: Too Many Requests
curryja01,2008,HTTP Error 429: Too Many Requests
greenta01,2008,HTTP Error 429: Too Many Requests
nichode01,2008,HTTP Error 429: Too Many Requests
newlebr01,2008,HTTP Error 429: Too Many Requests
hillhe02,2008,HTTP Error 429: Too Many Requests
sessira01,2008,HTTP Error 429: Too Many Requests
mejiasa01,2008,HTTP Error 429: Too Many Requests
printgi01,2008,HTTP Error 429: Too Many Requests
strawdj01,2008,HTTP Error 429: Too Many Requests
rakovmi01,2008,HTTP Error 429: Too Many Requests
rosede01,2009,HTTP Error 429: Too Many Requests
beaslmi01,2009,HTTP Error 429: Too Many Requests
mayooj01,2009,HTTP Error 429: Too Many Requests
westbru01,2009,HTTP Error 429: Too Many Requests
loveke01,2009,HTTP Error 429: Too Many Requests
gallida01,2009,HTTP Error 429: Too Many Requests
gordoer01,2009,HTTP Error 429: Too Many Requests
alexajo01,2009,HTTP Error 429: Too Many Requests
augusdj01,2009,HTTP Error 429: Too Many Requests
lopezbr01,2009,HTTP Error 429: Too Many Requests
bayleje01,2009,HTTP Error 429: Too Many Requests
thompja02,2009,HTTP Error 429: Too Many Requests
rushbr01,2009,HTTP Error 429: Too Many Requests
randoan01,2009,HTTP Error 429: Too Many Requests
lopezro01,2009,HTTP Error 429: Too Many Requests
speigma01,2009,HTTP Error 429: Too Many Requests
hibbero01,2009,HTTP Error 429: Too Many Requests
mcgeeja01,2009,HTTP Error 429: Too Many Requests
hicksjj01,2009,HTTP Error 429: Too Many Requests
ajincal01,2009,HTTP Error 429: Too Many Requests
anderry01,2009,HTTP Error 429: Too Many Requests
leeco01,2009,HTTP Error 429: Too Many Requests
koufoko01,2009,HTTP Error 429: Too Many Requests
ibakase01,2009,HTTP Error 429: Too Many Requests
batumni01,2009,HTTP Error 429: Too Many Requests
hillge01,2009,HTTP Error 429: Too Many Requests
arthuda01,2009,HTTP Error 429: Too Many Requests
greendo01,2009,HTTP Error 429: Too Many Requests
whitedj01,2009,HTTP Error 429: Too Many Requests
giddejr01,2009,HTTP Error 429: Too Many Requests
pekovni01,2009,HTTP Error 429: Too Many Requests
sharpwa01,2009,HTTP Error 429: Too Many Requests
dorsejo01,2009,HTTP Error 429: Too Many Requests
chalmma01,2009,HTTP Error 429: Too Many Requests
jordade01,2009,HTTP Error 429: Too Many Requests
asikom01,2009,HTTP Error 429: Too Many Requests
mbahalu01,2009,HTTP Error 429: Too Many Requests
weaveky01,2009,HTTP Error 429: Too Many Requests
weemsso01,2009,HTTP Error 429: Too Many Requests
douglch01,2009,HTTP Error 429: Too Many Requests
jawaina01,2009,HTTP Error 429: Too Many Requests
singlse01,2009,HTTP Error 429: Too Many Requests
ewingpa02,2009,HTTP Error 429: Too Many Requests
tomican01,2009,HTTP Error 429: Too Many Requests
dragigo01,2009,HTTP Error 429: Too Many Requests
plaistr01,2009,HTTP Error 429: Too Many Requests
walkebi01,2009,HTTP Error 429: Too Many Requests
hairsma01,2009,HTTP Error 429: Too Many Requests
hendrri02,2009,HTTP Error 429: Too Many Requests
hardide01,2009,HTTP Error 429: Too Many Requests
fostesh01,2009,HTTP Error 429: Too Many Requests
jacksda01,2009,HTTP Error 429: Too Many Requests
dragita01,2009,HTTP Error 429: Too Many Requests
leunema01,2009,HTTP Error 429: Too Many Requests
taylomi01,2009,HTTP Error 429: Too Many Requests
kaunsa01,2009,HTTP Error 429: Too Many Requests
gistja01,2009,HTTP Error 429: Too Many Requests
crawfjo01,2009,HTTP Error 429: Too Many Requests
washide02,2009,HTTP Error 429: Too Many Requests
erdense01,2009,HTTP Error 429: Too Many Requests
griffbl01,2010,HTTP Error 429: Too Many Requests
thabeha01,2010,HTTP Error 429: Too Many Requests
hardeja01,2010,HTTP Error 429: Too Many Requests
evansty01,2010,HTTP Error 429: Too Many Requests
rubiori01,2010,HTTP Error 429: Too Many Requests
flynnjo01,2010,HTTP Error 429: Too Many Requests
curryst01,2010,HTTP Error 429: Too Many Requests
hilljo01,2010,HTTP Error 429: Too Many Requests
derozde01,2010,HTTP Error 429: Too Many Requests
jennibr01,2010,HTTP Error 429: Too Many Requests
willite01,2010,HTTP Error 429: Too Many Requests
hendege02,2010,HTTP Error 429: Too Many Requests
hansbty01,2010,HTTP Error 429: Too Many Requests
clarkea01,2010,HTTP Error 429: Too Many Requests
dayeau01,2010,HTTP Error 429: Too Many Requests
johnsja01,2010,HTTP Error 429: Too Many Requests
holidjr01,2010,HTTP Error 429: Too Many Requests
lawsoty01,2010,HTTP Error 429: Too Many Requests
teaguje01,2010,HTTP Error 429: Too Many Requests
maynoer01,2010,HTTP Error 429: Too Many Requests
collida01,2010,HTTP Error 429: Too Many Requests
clavevi01,2010,HTTP Error 429: Too Many Requests
casspom01,2010,HTTP Error 429: Too Many Requests
mulleby01,2010,HTTP Error 429: Too Many Requests
beaubro01,2010,HTTP Error 429: Too Many Requests
gibsota01,2010,HTTP Error 429: Too Many Requests
carrode01,2010,HTTP Error 429: Too Many Requests
ellinwa01,2010,HTTP Error 429: Too Many Requests
douglto01,2010,HTTP Error 429: Too Many Requests
eyengch01,2010,HTTP Error 429: Too Many Requests
pendeje02,2010,HTTP Error 429: Too Many Requests
tayloje02,2010,HTTP Error 429: Too Many Requests
cunnida01,2010,HTTP Error 429: Too Many Requests
llullse01,2010,HTTP Error 429: Too Many Requests
summeda01,2010,HTTP Error 429: Too Many Requests
youngsa01,2010,HTTP Error 429: Too Many Requests
blairde01,2010,HTTP Error 429: Too Many Requests
brockjo01,2010,HTTP Error 429: Too Many Requests
jerebjo01,2010,HTTP Error 429: Too Many Requests
brownde04,2010,HTTP Error 429: Too Many Requests
meeksjo01,2010,HTTP Error 429: Too Many Requests
beverpa01,2010,HTTP Error 429: Too Many Requests
thornma01,2010,HTTP Error 429: Too Many Requests
budinch01,2010,HTTP Error 429: Too Many Requests
calatni01,2010,HTTP Error 429: Too Many Requests
greenda02,2010,HTTP Error 429: Too Many Requests
norelhe01,2010,HTTP Error 429: Too Many Requests
griffta01,2010,HTTP Error 429: Too Many Requests
gladyse01,2010,HTTP Error 429: Too Many Requests
sutongo01,2010,HTTP Error 429: Too Many Requests
mcclija01,2010,HTTP Error 429: Too Many Requests
priceaj01,2010,HTTP Error 429: Too Many Requests
decolna01,2010,HTTP Error 429: Too Many Requests
vadenro01,2010,HTTP Error 429: Too Many Requests
millspa02,2010,HTTP Error 429: Too Many Requests
nivinah01,2010,HTTP Error 429: Too Many Requests
preldem01,2010,HTTP Error 429: Too Many Requests
hudsole01,2010,HTTP Error 429: Too Many Requests
elonuch01,2010,HTTP Error 429: Too Many Requests
doziero01,2010,HTTP Error 429: Too Many Requests
walljo01,2011,HTTP Error 429: Too Many Requests
turneev01,2011,HTTP Error 429: Too Many Requests
favorde01,2011,HTTP Error 429: Too Many Requests
johnswe01,2011,HTTP Error 429: Too Many Requests
couside01,2011,HTTP Error 429: Too Many Requests
udohek01,2011,HTTP Error 429: Too Many Requests
monrogr01,2011,HTTP Error 429: Too Many Requests
aminual01,2011,HTTP Error 429: Too Many Requests
haywago01,2011,HTTP Error 429: Too Many Requests
georgpa01,2011,HTTP Error 429: Too Many Requests
aldrico01,2011,HTTP Error 429: Too Many Requests
henryxa01,2011,HTTP Error 429: Too Many Requests
davised01,2011,HTTP Error 429: Too Many Requests
pattepa01,2011,HTTP Error 429: Too Many Requests
sandela01,2011,HTTP Error 429: Too Many Requests
babbilu01,2011,HTTP Error 429: Too Many Requests
serapke01,2011,HTTP Error 429: Too Many Requests
bledser01,2011,HTTP Error 429: Too Many Requests
bradlav01,2011,HTTP Error 429: Too Many Requests
anderja01,2011,HTTP Error 429: Too Many Requests
brackcr01,2011,HTTP Error 429: Too Many Requests
williel01,2011,HTTP Error 429: Too Many Requests
booketr01,2011,HTTP Error 429: Too Many Requests
jamesda01,2011,HTTP Error 429: Too Many Requests
jonesdo02,2011,HTTP Error 429: Too Many Requests
pondequ01,2011,HTTP Error 429: Too Many Requests
crawfjo02,2011,HTTP Error 429: Too Many Requests
vasqugr01,2011,HTTP Error 429: Too Many Requests
ortonda01,2011,HTTP Error 429: Too Many Requests
haywala01,2011,HTTP Error 429: Too Many Requests
pleisti01,2011,HTTP Error 429: Too Many Requests
pittmde01,2011,HTTP Error 429: Too Many Requests
whiteha01,2011,HTTP Error 429: Too Many Requests
johnsar02,2011,HTTP Error 429: Too Many Requests
bjeline01,2011,HTTP Error 429: Too Many Requests
whitete01,2011,HTTP Error 429: Too Many Requests
hobsoda01,2011,HTTP Error 429: Too Many Requests
rautian01,2011,HTTP Error 429: Too Many Requests
fieldla01,2011,HTTP Error 429: Too Many Requests
stephla01,2011,HTTP Error 429: Too Many Requests
varnaja01,2011,HTTP Error 429: Too Many Requests
butleda03,2011,HTTP Error 429: Too Many Requests
ebankde01,2011,HTTP Error 429: Too Many Requests
jordaje01,2011,HTTP Error 429: Too Many Requests
prestpa01,2011,HTTP Error 429: Too Many Requests
lawalga01,2011,HTTP Error 429: Too Many Requests
galloti01,2011,HTTP Error 429: Too Many Requests
willila01,2011,HTTP Error 429: Too Many Requests
richary01,2011,HTTP Error 429: Too Many Requests
alabiso01,2011,HTTP Error 429: Too Many Requests
rollema01,2011,HTTP Error 429: Too Many Requests
haranlu01,2011,HTTP Error 429: Too Many Requests
sypa01,2011,HTTP Error 429: Too Many Requests
warrewi01,2011,HTTP Error 429: Too Many Requests
evansje01,2011,HTTP Error 429: Too Many Requests
ndiayha01,2011,HTTP Error 429: Too Many Requests
reidry01,2011,HTTP Error 429: Too Many Requests
caracde01,2011,HTTP Error 429: Too Many Requests
robinst01,2011,HTTP Error 429: Too Many Requests
collidw01,2011,HTTP Error 429: Too Many Requests
irvinky01,2012,HTTP Error 429: Too Many Requests
willide02,2012,HTTP Error 429: Too Many Requests
kanteen01,2012,HTTP Error 429: Too Many Requests
thomptr01,2012,HTTP Error 429: Too Many Requests
valanjo01,2012,HTTP Error 429: Too Many Requests
veselja01,2012,HTTP Error 429: Too Many Requests
biyombi01,2012,HTTP Error 429: Too Many Requests
knighbr03,2012,HTTP Error 429: Too Many Requests
walkeke02,2012,HTTP Error 429: Too Many Requests
fredeji01,2012,HTTP Error 429: Too Many Requests
thompkl01,2012,HTTP Error 429: Too Many Requests
burksal01,2012,HTTP Error 429: Too Many Requests
morrima02,2012,HTTP Error 429: Too Many Requests
morrima03,2012,HTTP Error 429: Too Many Requests
leonaka01,2012,HTTP Error 429: Too Many Requests
vucevni01,2012,HTTP Error 429: Too Many Requests
shumpim01,2012,HTTP Error 429: Too Many Requests
singlch01,2012,HTTP Error 429: Too Many Requests
harrito02,2012,HTTP Error 429: Too Many Requests
motiedo01,2012,HTTP Error 429: Too Many Requests
smithno01,2012,HTTP Error 429: Too Many Requests
farieke01,2012,HTTP Error 429: Too Many Requests
mirotni01,2012,HTTP Error 429: Too Many Requests
jacksre01,2012,HTTP Error 429: Too Many Requests
brookma01,2012,HTTP Error 429: Too Many Requests
hamiljo02,2012,HTTP Error 429: Too Many Requests
johnsja02,2012,HTTP Error 429: Too Many Requests
coleno01,2012,HTTP Error 429: Too Many Requests
josepco01,2012,HTTP Error 429: Too Many Requests
butleji01,2012,HTTP Error 429: Too Many Requests
bogdabo02,2012,HTTP Error 429: Too Many Requests
harpeju01,2012,HTTP Error 429: Too Many Requests
singlky01,2012,HTTP Error 429: Too Many Requests
macksh01,2012,HTTP Error 429: Too Many Requests
honeyty01,2012,HTTP Error 429: Too Many Requests
willijo03,2012,HTTP Error 429: Too Many Requests
thomptr02,2012,HTTP Error 429: Too Many Requests
parsoch01,2012,HTTP Error 429: Too Many Requests
tylerje01,2012,HTTP Error 429: Too Many Requests
leuerjo01,2012,HTTP Error 429: Too Many Requests
morrida01,2012,HTTP Error 429: Too Many Requests
bertada01,2012,HTTP Error 429: Too Many Requests
leema01,2012,HTTP Error 429: Too Many Requests
jenkich01,2012,HTTP Error 429: Too Many Requests
harrejo01,2012,HTTP Error 429: Too Many Requests
goudean01,2012,HTTP Error 429: Too Many Requests
leslitr01,2012,HTTP Error 429: Too Many Requests
bensoke02,2012,HTTP Error 429: Too Many Requests
selbyjo01,2012,HTTP Error 429: Too Many Requests
allenla01,2012,HTTP Error 429: Too Many Requests
diebljo01,2012,HTTP Error 429: Too Many Requests
macklve01,2012,HTTP Error 429: Too Many Requests
liggide01,2012,HTTP Error 429: Too Many Requests
macvami01,2012,HTTP Error 429: Too Many Requests
mooreet01,2012,HTTP Error 429: Too Many Requests
maduach01,2012,HTTP Error 429: Too Many Requests
ngombta01,2012,HTTP Error 429: Too Many Requests
majokat01,2012,HTTP Error 429: Too Many Requests
hangaad01,2012,HTTP Error 429: Too Many Requests
thomais02,2012,HTTP Error 429: Too Many Requests
davisan02,2013,HTTP Error 429: Too Many Requests
kiddgmi01,2013,HTTP Error 429: Too Many Requests
bealbr01,2013,HTTP Error 429: Too Many Requests
waitedi01,2013,HTTP Error 429: Too Many Requests
robinth01,2013,HTTP Error 429: Too Many Requests
lillada01,2013,HTTP Error 429: Too Many Requests
barneha02,2013,HTTP Error 429: Too Many Requests
rosste01,2013,HTTP Error 429: Too Many Requests
drumman01,2013,HTTP Error 429: Too Many Requests
riverau01,2013,HTTP Error 429: Too Many Requests
leoname01,2013,HTTP Error 429: Too Many Requests
lambje01,2013,HTTP Error 429: Too Many Requests
marshke01,2013,HTTP Error 429: Too Many Requests
hensojo01,2013,HTTP Error 429: Too Many Requests
harklma01,2013,HTTP Error 429: Too Many Requests
whitero03,2013,HTTP Error 429: Too Many Requests
zellety01,2013,HTTP Error 429: Too Many Requests
joneste01,2013,HTTP Error 429: Too Many Requests
nichoan01,2013,HTTP Error 429: Too Many Requests
fournev01,2013,HTTP Error 429: Too Many Requests
sullija01,2013,HTTP Error 429: Too Many Requests
melofa01,2013,HTTP Error 429: Too Many Requests
jenkijo01,2013,HTTP Error 429: Too Many Requests
cunnija01,2013,HTTP Error 429: Too Many Requests
wroteto01,2013,HTTP Error 429: Too Many Requests
plumlmi01,2013,HTTP Error 429: Too Many Requests
moultar01,2013,HTTP Error 429: Too Many Requests
jonespe01,2013,HTTP Error 429: Too Many Requests
teaguma01,2013,HTTP Error 429: Too Many Requests
ezelife01,2013,HTTP Error 429: Too Many Requests
tayloje03,2013,HTTP Error 429: Too Many Requests
satorto01,2013,HTTP Error 429: Too Many Requests
jamesbe01,2013,HTTP Error 429: Too Many Requests
crowdja01,2013,HTTP Error 429: Too Many Requests
greendr01,2013,HTTP Error 429: Too Many Requests
johnsor01,2013,HTTP Error 429: Too Many Requests
acyqu01,2013,HTTP Error 429: Too Many Requests
millequ01,2013,HTTP Error 429: Too Many Requests
middlkh01,2013,HTTP Error 429: Too Many Requests
bartowi01,2013,HTTP Error 429: Too Many Requests
tayloty01,2013,HTTP Error 429: Too Many Requests
lambdo01,2013,HTTP Error 429: Too Many Requests
scottmi01,2013,HTTP Error 429: Too Many Requests
engliki01,2013,HTTP Error 429: Too Many Requests
hamilju01,2013,HTTP Error 429: Too Many Requests
milleda01,2013,HTTP Error 429: Too Many Requests
murphke01,2013,HTTP Error 429: Too Many Requests
papanko01,2013,HTTP Error 429: Too Many Requests
oquinky01,2013,HTTP Error 429: Too Many Requests
turkyiz01,2013,HTTP Error 429: Too Many Requests
josepkr01,2013,HTTP Error 429: Too Many Requests
kuzmiog01,2013,HTTP Error 429: Too Many Requests
aldemfu01,2013,HTTP Error 429: Too Many Requests
shengto01,2013,HTTP Error 429: Too Many Requests
johnsda03,2013,HTTP Error 429: Too Many Requests
zubcito01,2013,HTTP Error 429: Too Many Requests
karamil01,2013,HTTP Error 429: Too Many Requests
hummero01,2013,HTTP Error 429: Too Many Requests
denmoma01,2013,HTTP Error 429: Too Many Requests
sacrero01,2013,HTTP Error 429: Too Many Requests
bennean01,2014,HTTP Error 429: Too Many Requests
oladivi01,2014,HTTP Error 429: Too Many Requests
porteot01,2014,HTTP Error 429: Too Many Requests
zelleco01,2014,HTTP Error 429: Too Many Requests
lenal01,2014,HTTP Error 429: Too Many Requests
noelne01,2014,HTTP Error 429: Too Many Requests
mclembe01,2014,HTTP Error 429: Too Many Requests
caldwke01,2014,HTTP Error 429: Too Many Requests
burketr01,2014,HTTP Error 429: Too Many Requests
mccolcj01,2014,HTTP Error 429: Too Many Requests
cartemi01,2014,HTTP Error 429: Too Many Requests
adamsst01,2014,HTTP Error 429: Too Many Requests
olynyke01,2014,HTTP Error 429: Too Many Requests
muhamsh01,2014,HTTP Error 429: Too Many Requests
antetgi01,2014,HTTP Error 429: Too Many Requests
noguelu01,2014,HTTP Error 429: Too Many Requests
schrode01,2014,HTTP Error 429: Too Many Requests
larkish01,2014,HTTP Error 429: Too Many Requests
karasse01,2014,HTTP Error 429: Too Many Requests
snellto01,2014,HTTP Error 429: Too Many Requests
dienggo01,2014,HTTP Error 429: Too Many Requests
plumlma01,2014,HTTP Error 429: Too Many Requests
hillso01,2014,HTTP Error 429: Too Many Requests
hardati02,2014,HTTP Error 429: Too Many Requests
bullore01,2014,HTTP Error 429: Too Many Requests
roberan03,2014,HTTP Error 429: Too Many Requests
goberru01,2014,HTTP Error 429: Too Many Requests
jeancli01,2014,HTTP Error 429: Too Many Requests
goodwar01,2014,HTTP Error 429: Too Many Requests
nedovne01,2014,HTTP Error 429: Too Many Requests
crabbal01,2014,HTTP Error 429: Too Many Requests
abrinal01,2014,HTTP Error 429: Too Many Requests
felixca01,2014,HTTP Error 429: Too Many Requests
canaais01,2014,HTTP Error 429: Too Many Requests
ricegl02,2014,HTTP Error 429: Too Many Requests
mccalra01,2014,HTTP Error 429: Too Many Requests
mitchto02,2014,HTTP Error 429: Too Many Requests
woltena01,2014,HTTP Error 429: Too Many Requests
witheje01,2014,HTTP Error 429: Too Many Requests
jerregr01,2014,HTTP Error 429: Too Many Requests
frankja01,2014,HTTP Error 429: Too Many Requests
jackspi01,2014,HTTP Error 429: Too Many Requests
ledori01,2014,HTTP Error 429: Too Many Requests
muscami01,2014,HTTP Error 429: Too Many Requests
todorma01,2014,HTTP Error 429: Too Many Requests
greener01,2014,HTTP Error 429: Too Many Requests
netora01,2014,HTTP Error 429: Too Many Requests
kellyry01,2014,HTTP Error 429: Too Many Requests
murpher01,2014,HTTP Error 429: Too Many Requests
ennisja01,2014,HTTP Error 429: Too Many Requests
osbyro01,2014,HTTP Error 429: Too Many Requests
brownlo01,2014,HTTP Error 429: Too Many Requests
iversco01,2014,HTTP Error 429: Too Many Requests
kazemar01,2014,HTTP Error 429: Too Many Requests
lauvejo01,2014,HTTP Error 429: Too Many Requests
sivape01,2014,HTTP Error 429: Too Many Requests
oriakal01,2014,HTTP Error 429: Too Many Requests
thomade01,2014,HTTP Error 429: Too Many Requests
dubljbo01,2014,HTTP Error 429: Too Many Requests
timmaja01,2014,HTTP Error 429: Too Many Requests
wiggian01,2015,HTTP Error 429: Too Many Requests
parkeja01,2015,HTTP Error 429: Too Many Requests
embiijo01,2015,HTTP Error 429: Too Many Requests
gordoaa01,2015,HTTP Error 429: Too Many Requests
exumda01,2015,HTTP Error 429: Too Many Requests
smartma01,2015,HTTP Error 429: Too Many Requests
randlju01,2015,HTTP Error 429: Too Many Requests
stausni01,2015,HTTP Error 429: Too Many Requests
vonleno01,2015,HTTP Error 429: Too Many Requests
paytoel01,2015,HTTP Error 429: Too Many Requests
mcderdo01,2015,HTTP Error 429: Too Many Requests
saricda01,2015,HTTP Error 429: Too Many Requests
lavinza01,2015,HTTP Error 429: Too Many Requests
warretj01,2015,HTTP Error 429: Too Many Requests
paynead01,2015,HTTP Error 429: Too Many Requests
nurkiju01,2015,HTTP Error 429: Too Many Requests
youngja01,2015,HTTP Error 429: Too Many Requests
ennisty01,2015,HTTP Error 429: Too Many Requests
harriga01,2015,HTTP Error 429: Too Many Requests
cabocbr01,2015,HTTP Error 429: Too Many Requests
mcgarmi01,2015,HTTP Error 429: Too Many Requests
adamsjo01,2015,HTTP Error 429: Too Many Requests
hoodro01,2015,HTTP Error 429: Too Many Requests
napiesh01,2015,HTTP Error 429: Too Many Requests
capelca01,2015,HTTP Error 429: Too Many Requests
hairspj02,2015,HTTP Error 429: Too Many Requests
bogdabo01,2015,HTTP Error 429: Too Many Requests
wilcocj01,2015,HTTP Error 429: Too Many Requests
huestjo01,2015,HTTP Error 429: Too Many Requests
anderky01,2015,HTTP Error 429: Too Many Requests
inglida01,2015,HTTP Error 429: Too Many Requests
mcdankj01,2015,HTTP Error 429: Too Many Requests
harrijo01,2015,HTTP Error 429: Too Many Requests
earlycl01,2015,HTTP Error 429: Too Many Requests
stokeja01,2015,HTTP Error 429: Too Many Requests
obryajo01,2015,HTTP Error 429: Too Many Requests
daniede01,2015,HTTP Error 429: Too Many Requests
dinwisp01,2015,HTTP Error 429: Too Many Requests
grantje01,2015,HTTP Error 429: Too Many Requests
robingl02,2015,HTTP Error 429: Too Many Requests
jokicni01,2015,HTTP Error 429: Too Many Requests
johnsni01,2015,HTTP Error 429: Too Many Requests
tavarwa01,2015,HTTP Error 429: Too Many Requests
brownma02,2015,HTTP Error 429: Too Many Requests
poweldw01,2015,HTTP Error 429: Too Many Requests
clarkjo01,2015,HTTP Error 429: Too Many Requests
smithru01,2015,HTTP Error 429: Too Many Requests
pattela01,2015,HTTP Error 429: Too Many Requests
bairsca01,2015,HTTP Error 429: Too Many Requests
brownal01,2015,HTTP Error 429: Too Many Requests
antetth01,2015,HTTP Error 429: Too Many Requests
micicva01,2015,HTTP Error 429: Too Many Requests
gential01,2015,HTTP Error 429: Too Many Requests
dangune01,2015,HTTP Error 429: Too Many Requests
chrisse01,2015,HTTP Error 429: Too Many Requests
marblde01,2015,HTTP Error 429: Too Many Requests
labeylo01,2015,HTTP Error 429: Too Many Requests
mcraejo01,2015,HTTP Error 429: Too Many Requests
thamexa01,2015,HTTP Error 429: Too Many Requests
jeffeco01,2015,HTTP Error 429: Too Many Requests
townska01,2016,HTTP Error 429: Too Many Requests
russeda01,2016,HTTP Error 429: Too Many Requests
okafoja01,2016,HTTP Error 429: Too Many Requests
porzikr01,2016,HTTP Error 429: Too Many Requests
hezonma01,2016,HTTP Error 429: Too Many Requests
caulewi01,2016,HTTP Error 429: Too Many Requests
mudiaem01,2016,HTTP Error 429: Too Many Requests
johnsst04,2016,HTTP Error 429: Too Many Requests
kaminfr01,2016,HTTP Error 429: Too Many Requests
winslju01,2016,HTTP Error 429: Too Many Requests
turnemy01,2016,HTTP Error 429: Too Many Requests
lylestr01,2016,HTTP Error 429: Too Many Requests
bookede01,2016,HTTP Error 429: Too Many Requests
payneca01,2016,HTTP Error 429: Too Many Requests
oubreke01,2016,HTTP Error 429: Too Many Requests
roziete01,2016,HTTP Error 429: Too Many Requests
vaughra01,2016,HTTP Error 429: Too Many Requests
dekkesa01,2016,HTTP Error 429: Too Many Requests
grantje02,2016,HTTP Error 429: Too Many Requests
wrighde01,2016,HTTP Error 429: Too Many Requests
anderju01,2016,HTTP Error 429: Too Many Requests
portibo01,2016,HTTP Error 429: Too Many Requests
holliro01,2016,HTTP Error 429: Too Many Requests
jonesty01,2016,HTTP Error 429: Too Many Requests
martija01,2016,HTTP Error 429: Too Many Requests
milutni01,2016,HTTP Error 429: Too Many Requests
nancela02,2016,HTTP Error 429: Too Many Requests
hunterj01,2016,HTTP Error 429: Too Many Requests
mcculch01,2016,HTTP Error 429: Too Many Requests
looneke01,2016,HTTP Error 429: Too Many Requests
osmande01,2016,HTTP Error 429: Too Many Requests
harremo01,2016,HTTP Error 429: Too Many Requests
mickejo01,2016,HTTP Error 429: Too Many Requests
brownan02,2016,HTTP Error 429: Too Many Requests
hernawi01,2016,HTTP Error 429: Too Many Requests
chrisra01,2016,HTTP Error 429: Too Many Requests
holmeri01,2016,HTTP Error 429: Too Many Requests
hillida01,2016,HTTP Error 429: Too Many Requests
vauleju01,2016,HTTP Error 429: Too Many Requests
richajo01,2016,HTTP Error 429: Too Many Requests
connapa01,2016,HTTP Error 429: Too Many Requests
hanlaol01,2016,HTTP Error 429: Too Many Requests
youngjo01,2016,HTTP Error 429: Too Many Requests
harrian01,2016,HTTP Error 429: Too Many Requests
thornma02,2016,HTTP Error 429: Too Many Requests
powelno01,2016,HTTP Error 429: Too Many Requests
gudaiar01,2016,HTTP Error 429: Too Many Requests
johnsda04,2016,HTTP Error 429: Too Many Requests
whiteaa01,2016,HTTP Error 429: Too Many Requests
eriksma01,2016,HTTP Error 429: Too Many Requests
harvety01,2016,HTTP Error 429: Too Many Requests
singhsa01,2016,HTTP Error 429: Too Many Requests
pointsi01,2016,HTTP Error 429: Too Many Requests
diezda01,2016,HTTP Error 429: Too Many Requests
lalanca01,2016,HTTP Error 429: Too Many Requests
dawsobr01,2016,HTTP Error 429: Too Many Requests
radicni01,2016,HTTP Error 429: Too Many Requests
tokotjp01,2016,HTTP Error 429: Too Many Requests
agravdi01,2016,HTTP Error 429: Too Many Requests
mitrolu01,2016,HTTP Error 429: Too Many Requests
simmobe01,2017,HTTP Error 429: Too Many Requests
ingrabr01,2017,HTTP Error 429: Too Many Requests
brownja02,2017,HTTP Error 429: Too Many Requests
bendedr01,2017,HTTP Error 429: Too Many Requests
dunnkr01,2017,HTTP Error 429: Too Many Requests
hieldbu01,2017,HTTP Error 429: Too Many Requests
murraja01,2017,HTTP Error 429: Too Many Requests
chrisma01,2017,HTTP Error 429: Too Many Requests
poeltja01,2017,HTTP Error 429: Too Many Requests
makerth01,2017,HTTP Error 429: Too Many Requests
sabondo01,2017,HTTP Error 429: Too Many Requests
princta02,2017,HTTP Error 429: Too Many Requests
papagge01,2017,HTTP Error 429: Too Many Requests
valende01,2017,HTTP Error 429: Too Many Requests
hernaju01,2017,HTTP Error 429: Too Many Requests
yabusgu01,2017,HTTP Error 429: Too Many Requests
baldwwa01,2017,HTTP Error 429: Too Many Requests
ellenhe01,2017,HTTP Error 429: Too Many Requests
beaslma01,2017,HTTP Error 429: Too Many Requests
leverca01,2017,HTTP Error 429: Too Many Requests
bembrde01,2017,HTTP Error 429: Too Many Requests
richama01,2017,HTTP Error 429: Too Many Requests
zizican01,2017,HTTP Error 429: Too Many Requests
luwawti01,2017,HTTP Error 429: Too Many Requests
johnsbr02,2017,HTTP Error 429: Too Many Requests
korkmfu01,2017,HTTP Error 429: Too Many Requests
siakapa01,2017,HTTP Error 429: Too Many Requests
labissk01,2017,HTTP Error 429: Too Many Requests
murrade01,2017,HTTP Error 429: Too Many Requests
jonesda03,2017,HTTP Error 429: Too Many Requests
davisde01,2017,HTTP Error 429: Too Many Requests
zubaciv01,2017,HTTP Error 429: Too Many Requests
diallch01,2017,HTTP Error 429: Too Many Requests
ulisty01,2017,HTTP Error 429: Too Many Requests
zagorra01,2017,HTTP Error 429: Too Many Requests
brogdma01,2017,HTTP Error 429: Too Many Requests
onuakch01,2017,HTTP Error 429: Too Many Requests
mccawpa01,2017,HTTP Error 429: Too Many Requests
michida01,2017,HTTP Error 429: Too Many Requests
stonedi01,2017,HTTP Error 429: Too Many Requests
zimmest01,2017,HTTP Error 429: Too Many Requests
whiteis01,2017,HTTP Error 429: Too Many Requests
qizh01,2017,HTTP Error 429: Too Many Requests
cordiis01,2017,HTTP Error 429: Too Many Requests
jacksde01,2017,HTTP Error 429: Too Many Requests
hammoaj01,2017,HTTP Error 429: Too Many Requests
laymaja01,2017,HTTP Error 429: Too Many Requests
zipsepa01,2017,HTTP Error 429: Too Many Requests
gbinimi01,2017,HTTP Error 429: Too Many Requests
niangge01,2017,HTTP Error 429: Too Many Requests
bentibe01,2017,HTTP Error 429: Too Many Requests
bolomjo01,2017,HTTP Error 429: Too Many Requests
cornepe01,2017,HTTP Error 429: Too Many Requests
feldeka01,2017,HTTP Error 429: Too Many Requests
paigema01,2017,HTTP Error 429: Too Many Requests
hamilda02,2017,HTTP Error 429: Too Many Requests
sheliwa01,2017,HTTP Error 429: Too Many Requests
naderab01,2017,HTTP Error 429: Too Many Requests
cousiis01,2017,HTTP Error 429: Too Many Requests
wallaty01,2017,HTTP Error 429: Too Many Requests
fultzma01,2018,HTTP Error 429: Too Many Requests
balllo01,2018,HTTP Error 429: Too Many Requests
tatumja01,2018,HTTP Error 429: Too Many Requests
jacksjo02,2018,HTTP Error 429: Too Many Requests
foxde01,2018,HTTP Error 429: Too Many Requests
isaacjo01,2018,HTTP Error 429: Too Many Requests
markkla01,2018,HTTP Error 429: Too Many Requests
ntilila01,2018,HTTP Error 429: Too Many Requests
smithde03,2018,HTTP Error 429: Too Many Requests
colliza01,2018,HTTP Error 429: Too Many Requests
monkma01,2018,HTTP Error 429: Too Many Requests
kennalu01,2018,HTTP Error 429: Too Many Requests
mitchdo01,2018,HTTP Error 429: Too Many Requests
adebaba01,2018,HTTP Error 429: Too Many Requests
jacksju01,2018,HTTP Error 429: Too Many Requests
pattoju01,2018,HTTP Error 429: Too Many Requests
wilsodj01,2018,HTTP Error 429: Too Many Requests
leaftj01,2018,HTTP Error 429: Too Many Requests
collijo01,2018,HTTP Error 429: Too Many Requests
gilesha01,2018,HTTP Error 429: Too Many Requests
fergute01,2018,HTTP Error 429: Too Many Requests
allenja01,2018,HTTP Error 429: Too Many Requests
anunoog01,2018,HTTP Error 429: Too Many Requests
lydonty01,2018,HTTP Error 429: Too Many Requests
pasecan01,2018,HTTP Error 429: Too Many Requests
swanica01,2018,HTTP Error 429: Too Many Requests
kuzmaky01,2018,HTTP Error 429: Too Many Requests
bradlto01,2018,HTTP Error 429: Too Many Requests
whitede01,2018,HTTP Error 429: Too Many Requests
hartjo01,2018,HTTP Error 429: Too Many Requests
jacksfr01,2018,HTTP Error 429: Too Many Requests
reedda01,2018,HTTP Error 429: Too Many Requests
iwundwe01,2018,HTTP Error 429: Too Many Requests
masonfr01,2018,HTTP Error 429: Too Many Requests
rabbiv01,2018,HTTP Error 429: Too Many Requests
boldejo01,2018,HTTP Error 429: Too Many Requests
ojelese01,2018,HTTP Error 429: Too Many Requests
belljo01,2018,HTTP Error 429: Too Many Requests
evansja01,2018,HTTP Error 429: Too Many Requests
bacondw01,2018,HTTP Error 429: Too Many Requests
dorsety01,2018,HTTP Error 429: Too Many Requests
bryanth01,2018,HTTP Error 429: Too Many Requests
harteis01,2018,HTTP Error 429: Too Many Requests
dotsoda01,2018,HTTP Error 429: Too Many Requests
brookdi01,2018,HTTP Error 429: Too Many Requests
brownst02,2018,HTTP Error 429: Too Many Requests
anigbik01,2018,HTTP Error 429: Too Many Requests
thornsi01,2018,HTTP Error 429: Too Many Requests
cancavl01,2018,HTTP Error 429: Too Many Requests
lessoma01,2018,HTTP Error 429: Too Many Requests
morrimo01,2018,HTTP Error 429: Too Many Requests
sumneed01,2018,HTTP Error 429: Too Many Requests
allenka01,2018,HTTP Error 429: Too Many Requests
peteral01,2018,HTTP Error 429: Too Many Requests
willini01,2018,HTTP Error 429: Too Many Requests
birdja01,2018,HTTP Error 429: Too Many Requests
vezenal01,2018,HTTP Error 429: Too Many Requests
jaramog01,2018,HTTP Error 429: Too Many Requests
blossja01,2018,HTTP Error 429: Too Many Requests
kabaal01,2018,HTTP Error 429: Too Many Requests
aytonde01,2019,HTTP Error 429: Too Many Requests
baglema01,2019,HTTP Error 429: Too Many Requests
doncilu01,2019,HTTP Error 429: Too Many Requests
jacksja02,2019,HTTP Error 429: Too Many Requests
youngtr01,2019,HTTP Error 429: Too Many Requests
bambamo01,2019,HTTP Error 429: Too Many Requests
cartewe01,2019,HTTP Error 429: Too Many Requests
sextoco01,2019,HTTP Error 429: Too Many Requests
knoxke01,2019,HTTP Error 429: Too Many Requests
bridgmi01,2019,HTTP Error 429: Too Many Requests
gilgesh01,2019,HTTP Error 429: Too Many Requests
bridgmi02,2019,HTTP Error 429: Too Many Requests
robinje01,2019,HTTP Error 429: Too Many Requests
portemi01,2019,HTTP Error 429: Too Many Requests
browntr01,2019,HTTP Error 429: Too Many Requests
smithzh01,2019,HTTP Error 429: Too Many Requests
divindo01,2019,HTTP Error 429: Too Many Requests
walkelo01,2019,HTTP Error 429: Too Many Requests
huertke01,2019,HTTP Error 429: Too Many Requests
okogijo01,2019,HTTP Error 429: Too Many Requests
allengr01,2019,HTTP Error 429: Too Many Requests
hutchch01,2019,HTTP Error 429: Too Many Requests
holidaa01,2019,HTTP Error 429: Too Many Requests
simonan01,2019,HTTP Error 429: Too Many Requests
wagnemo01,2019,HTTP Error 429: Too Many Requests
shamela01,2019,HTTP Error 429: Too Many Requests
williro04,2019,HTTP Error 429: Too Many Requests
evansja02,2019,HTTP Error 429: Too Many Requests
musadz01,2019,HTTP Error 429: Too Many Requests
spellom01,2019,HTTP Error 429: Too Many Requests
okoboel01,2019,HTTP Error 429: Too Many Requests
carteje01,2019,HTTP Error 429: Too Many Requests
brunsja01,2019,HTTP Error 429: Too Many Requests
grahade01,2019,HTTP Error 429: Too Many Requests
frazime01,2019,HTTP Error 429: Too Many Requests
robinmi01,2019,HTTP Error 429: Too Many Requests
trentga02,2019,HTTP Error 429: Too Many Requests
thomakh01,2019,HTTP Error 429: Too Many Requests
bongais01,2019,HTTP Error 429: Too Many Requests
kurucro01,2019,HTTP Error 429: Too Many Requests
vandeja01,2019,HTTP Error 429: Too Many Requests
brownbr01,2019,HTTP Error 429: Too Many Requests
jacksju02,2019,HTTP Error 429: Too Many Requests
sanonis01,2019,HTTP Error 429: Too Many Requests
diallha01,2019,HTTP Error 429: Too Many Requests
meltode01,2019,HTTP Error 429: Too Many Requests
mykhasv01,2019,HTTP Error 429: Too Many Requests
bateske01,2019,HTTP Error 429: Too Many Requests
metuch01,2019,HTTP Error 429: Too Many Requests
johnsal02,2019,HTTP Error 429: Too Many Requests
carrto01,2019,HTTP Error 429: Too Many Requests
edwarvi01,2019,HTTP Error 429: Too Many Requests
hallde01,2019,HTTP Error 429: Too Many Requests
miltosh01,2019,HTTP Error 429: Too Many Requests
kulboar01,2019,HTTP Error 429: Too Many Requests
spaldra01,2019,HTTP Error 429: Too Many Requests
herveke01,2019,HTTP Error 429: Too Many Requests
welshth01,2019,HTTP Error 429: Too Many Requests
kingge03,2019,HTTP Error 429: Too Many Requests
antetko01,2019,HTTP Error 429: Too Many Requests
willizi01,2020,HTTP Error 429: Too Many Requests
moranja01,2020,HTTP Error 429: Too Many Requests
barrerj01,2020,HTTP Error 429: Too Many Requests
huntede01,2020,HTTP Error 429: Too Many Requests
garlada01,2020,HTTP Error 429: Too Many Requests
culveja01,2020,HTTP Error 429: Too Many Requests
whiteco01,2020,HTTP Error 429: Too Many Requests
hayesja02,2020,HTTP Error 429: Too Many Requests
hachiru01,2020,HTTP Error 429: Too Many Requests
reddica01,2020,HTTP Error 429: Too Many Requests
johnsca02,2020,HTTP Error 429: Too Many Requests
washipj01,2020,HTTP Error 429: Too Many Requests
herroty01,2020,HTTP Error 429: Too Many Requests
langfro01,2020,HTTP Error 429: Too Many Requests
doumbse01,2020,HTTP Error 429: Too Many Requests
okekech01,2020,HTTP Error 429: Too Many Requests
alexani01,2020,HTTP Error 429: Too Many Requests
bitadgo01,2020,HTTP Error 429: Too Many Requests
samanlu01,2020,HTTP Error 429: Too Many Requests
thybuma01,2020,HTTP Error 429: Too Many Requests
clarkbr01,2020,HTTP Error 429: Too Many Requests
willigr01,2020,HTTP Error 429: Too Many Requests
bazleda01,2020,HTTP Error 429: Too Many Requests
jeromty01,2020,HTTP Error 429: Too Many Requests
littlna01,2020,HTTP Error 429: Too Many Requests
windldy01,2020,HTTP Error 429: Too Many Requests
kabenmf01,2020,HTTP Error 429: Too Many Requests
poolejo01,2020,HTTP Error 429: Too Many Requests
johnske04,2020,HTTP Error 429: Too Many Requests
porteke02,2020,HTTP Error 429: Too Many Requests
claxtni01,2020,HTTP Error 429: Too Many Requests
okpalkz01,2020,HTTP Error 429: Too Many Requests
edwarca01,2020,HTTP Error 429: Too Many Requests
fernabr01,2020,HTTP Error 429: Too Many Requests
louzama01,2020,HTTP Error 429: Too Many Requests
martico01,2020,HTTP Error 429: Too Many Requests
sirvyde01,2020,HTTP Error 429: Too Many Requests
gaffoda01,2020,HTTP Error 429: Too Many Requests
smailal01,2020,HTTP Error 429: Too Many Requests
jamesju01,2020,HTTP Error 429: Too Many Requests
pascher01,2020,HTTP Error 429: Too Many Requests
schofad01,2020,HTTP Error 429: Too Many Requests
nowelja01,2020,HTTP Error 429: Too Many Requests
bolbo01,2020,HTTP Error 429: Too Many Requests
robyis01,2020,HTTP Error 429: Too Many Requests
hortota01,2020,HTTP Error 429: Too Many Requests
brazdig01,2020,HTTP Error 429: Too Many Requests
mannte01,2020,HTTP Error 429: Too Many Requests
weathqu01,2020,HTTP Error 429: Too Many Requests
brantja01,2020,HTTP Error 429: Too Many Requests
watertr01,2020,HTTP Error 429: Too Many Requests
mcdanja01,2020,HTTP Error 429: Too Many Requests
wrighju02,2020,HTTP Error 429: Too Many Requests
shayoma01,2020,HTTP Error 429: Too Many Requests
guyky01,2020,HTTP Error 429: Too Many Requests
handsja01,2020,HTTP Error 429: Too Many Requests
bonejo01,2020,HTTP Error 429: Too Many Requests
onimi01,2020,HTTP Error 429: Too Many Requests
hernade01,2020,HTTP Error 429: Too Many Requests
marinva01,2020,HTTP Error 429: Too Many Requests
edwaran01,2021,HTTP Error 429: Too Many Requests
wisemja01,2021,HTTP Error 429: Too Many Requests
ballla01,2021,HTTP Error 429: Too Many Requests
willipa01,2021,HTTP Error 429: Too Many Requests
okorois01,2021,HTTP Error 429: Too Many Requests
okongon01,2021,HTTP Error 429: Too Many Requests
hayeski01,2021,HTTP Error 429: Too Many Requests
toppiob01,2021,HTTP Error 429: Too Many Requests
avdijde01,2021,HTTP Error 429: Too Many Requests
smithja04,2021,HTTP Error 429: Too Many Requests
vassede01,2021,HTTP Error 429: Too Many Requests
halibty01,2021,HTTP Error 429: Too Many Requests
lewiski01,2021,HTTP Error 429: Too Many Requests
nesmiaa01,2021,HTTP Error 429: Too Many Requests
anthoco01,2021,HTTP Error 429: Too Many Requests
stewais01,2021,HTTP Error 429: Too Many Requests
pokusal01,2021,HTTP Error 429: Too Many Requests
greenjo02,2021,HTTP Error 429: Too Many Requests
beysa01,2021,HTTP Error 429: Too Many Requests
achiupr01,2021,HTTP Error 429: Too Many Requests
maxeyty01,2021,HTTP Error 429: Too Many Requests
nnajize01,2021,HTTP Error 429: Too Many Requests
bolmale01,2021,HTTP Error 429: Too Many Requests
hamptrj01,2021,HTTP Error 429: Too Many Requests
quickim01,2021,HTTP Error 429: Too Many Requests
pritcpa01,2021,HTTP Error 429: Too Many Requests
azubuud01,2021,HTTP Error 429: Too Many Requests
mcdanja02,2021,HTTP Error 429: Too Many Requests
flynnma01,2021,HTTP Error 429: Too Many Requests
banede01,2021,HTTP Error 429: Too Many Requests
terryty01,2021,HTTP Error 429: Too Many Requests
careyve01,2021,HTTP Error 429: Too Many Requests
oturuda01,2021,HTTP Error 429: Too Many Requests
maledth01,2021,HTTP Error 429: Too Many Requests
tillmxa01,2021,HTTP Error 429: Too Many Requests
beyty01,2021,HTTP Error 429: Too Many Requests
krejcvi01,2021,HTTP Error 429: Too Many Requests
leesa01,2021,HTTP Error 429: Too Many Requests
hugheel01,2021,HTTP Error 429: Too Many Requests
woodaro01,2021,HTTP Error 429: Too Many Requests
jonestr01,2021,HTTP Error 429: Too Many Requests
richani01,2021,HTTP Error 429: Too Many Requests
ramseja01,2021,HTTP Error 429: Too Many Requests
simonma01,2021,HTTP Error 429: Too Many Requests
nworajo01,2021,HTTP Error 429: Too Many Requests
ellebcj01,2021,HTTP Error 429: Too Many Requests
madarya01,2021,HTTP Error 429: Too Many Requests
mannini01,2021,HTTP Error 429: Too Many Requests
joeis01,2021,HTTP Error 429: Too Many Requests
mayssk01,2021,HTTP Error 429: Too Many Requests
jessuju01,2021,HTTP Error 429: Too Many Requests
martike04,2021,HTTP Error 429: Too Many Requests
winstca01,2021,HTTP Error 429: Too Many Requests
stanlca01,2021,HTTP Error 429: Too Many Requests
scrubja01,2021,HTTP Error 429: Too Many Requests
rillegr01,2021,HTTP Error 429: Too Many Requests
perryre01,2021,HTTP Error 429: Too Many Requests
reedpa01,2021,HTTP Error 429: Too Many Requests
harrija01,2021,HTTP Error 429: Too Many Requests
merrisa01,2021,HTTP Error 429: Too Many Requests
cunnica01,2022,HTTP Error 429: Too Many Requests
greenja05,2022,HTTP Error 429: Too Many Requests
mobleev01,2022,HTTP Error 429: Too Many Requests
barnesc01,2022,HTTP Error 429: Too Many Requests
suggsja01,2022,HTTP Error 429: Too Many Requests
giddejo01,2022,HTTP Error 429: Too Many Requests
kuminjo01,2022,HTTP Error 429: Too Many Requests
wagnefr01,2022,HTTP Error 429: Too Many Requests
mitchda01,2022,HTTP Error 429: Too Many Requests
willizi02,2022,HTTP Error 429: Too Many Requests
bouknja01,2022,HTTP Error 429: Too Many Requests
primojo01,2022,HTTP Error 429: Too Many Requests
duartch01,2022,HTTP Error 429: Too Many Requests
moodymo01,2022,HTTP Error 429: Too Many Requests
kispeco01,2022,HTTP Error 429: Too Many Requests
sengual01,2022,HTTP Error 429: Too Many Requests
murphtr02,2022,HTTP Error 429: Too Many Requests
manntr01,2022,HTTP Error 429: Too Many Requests
joneska01,2022,HTTP Error 429: Too Many Requests
johnsja05,2022,HTTP Error 429: Too Many Requests
johnske07,2022,HTTP Error 429: Too Many Requests
jacksis01,2022,HTTP Error 429: Too Many Requests
garubus01,2022,HTTP Error 429: Too Many Requests
chrisjo01,2022,HTTP Error 429: Too Many Requests
grimequ01,2022,HTTP Error 429: Too Many Requests
hylanbo01,2022,HTTP Error 429: Too Many Requests
thomaca02,2022,HTTP Error 429: Too Many Requests
sprinja01,2022,HTTP Error 429: Too Many Requests
sharpda01,2022,HTTP Error 429: Too Many Requests
aldamsa01,2022,HTTP Error 429: Too Many Requests
toddis01,2022,HTTP Error 429: Too Many Requests
robinje02,2022,HTTP Error 429: Too Many Requests
prestja01,2022,HTTP Error 429: Too Many Requests
jokubro01,2022,HTTP Error 429: Too Many Requests
joneshe01,2022,HTTP Error 429: Too Many Requests
mcbrimi01,2022,HTTP Error 429: Too Many Requests
thorjt01,2022,HTTP Error 429: Too Many Requests
dosunay01,2022,HTTP Error 429: Too Many Requests
quetane01,2022,HTTP Error 429: Too Many Requests
butleja02,2022,HTTP Error 429: Too Many Requests
wieskjo01,2022,HTTP Error 429: Too Many Requests
liveris01,2022,HTTP Error 429: Too Many Requests
browngr01,2022,HTTP Error 429: Too Many Requests
edwarke02,2022,HTTP Error 429: Too Many Requests
begarju01,2022,HTTP Error 429: Too Many Requests
bantoda01,2022,HTTP Error 429: Too Many Requests
johnsda08,2022,HTTP Error 429: Too Many Requests
coopesh01,2022,HTTP Error 429: Too Many Requests
zegarma01,2022,HTTP Error 429: Too Many Requests
petrufi01,2022,HTTP Error 429: Too Many Requests
bostobr01,2022,HTTP Error 429: Too Many Requests
garzalu01,2022,HTTP Error 429: Too Many Requests
bassech01,2022,HTTP Error 429: Too Many Requests
mamuksa01,2022,HTTP Error 429: Too Many Requests
wiggiaa01,2022,HTTP Error 429: Too Many Requests
lewissc01,2022,HTTP Error 429: Too Many Requests
kopriba01,2022,HTTP Error 429: Too Many Requests
simsje01,2022,HTTP Error 429: Too Many Requests
grayra01,2022,HTTP Error 429: Too Many Requests
kalaige01,2022,HTTP Error 429: Too Many Requests
banchpa01,2023,HTTP Error 429: Too Many Requests
holmgch01,2023,HTTP Error 429: Too Many Requests
smithja05,2023,HTTP Error 429: Too Many Requests
murrake02,2023,HTTP Error 429: Too Many Requests
iveyja01,2023,HTTP Error 429: Too Many Requests
mathube01,2023,HTTP Error 429: Too Many Requests
sharpsh01,2023,HTTP Error 429: Too Many Requests
daniedy01,2023,HTTP Error 429: Too Many Requests
sochaje01,2023,HTTP Error 429: Too Many Requests
davisjo06,2023,HTTP Error 429: Too Many Requests
diengou01,2023,HTTP Error 429: Too Many Requests
willija06,2023,HTTP Error 429: Too Many Requests
durenja01,2023,HTTP Error 429: Too Many Requests
agbajoc01,2023,HTTP Error 429: Too Many Requests
willima07,2023,HTTP Error 429: Too Many Requests
griffaj01,2023,HTTP Error 429: Too Many Requests
easonta01,2023,HTTP Error 429: Too Many Requests
terryda01,2023,HTTP Error 429: Too Many Requests
laravja01,2023,HTTP Error 429: Too Many Requests
branhma01,2023,HTTP Error 429: Too Many Requests
braunch01,2023,HTTP Error 429: Too Many Requests
kesslwa01,2023,HTTP Error 429: Too Many Requests
roddyda01,2023,HTTP Error 429: Too Many Requests
beaucma01,2023,HTTP Error 429: Too Many Requests
weslebl01,2023,HTTP Error 429: Too Many Requests
moorewe01,2023,HTTP Error 429: Too Many Requests
jovicni01,2023,HTTP Error 429: Too Many Requests
baldwpa01,2023,HTTP Error 429: Too Many Requests
washity02,2023,HTTP Error 429: Too Many Requests
watsope01,2023,HTTP Error 429: Too Many Requests
nembhan01,2023,HTTP Error 429: Too Many Requests
houstca01,2023,HTTP Error 429: Too Many Requests
kolokch01,2023,HTTP Error 429: Too Many Requests
willija07,2023,HTTP Error 429: Too Many Requests
chrisma02,2023,HTTP Error 429: Too Many Requests
prociga01,2023,HTTP Error 429: Too Many Requests
hardyja02,2023,HTTP Error 429: Too Many Requests
chandke01,2023,HTTP Error 429: Too Many Requests
diopkh01,2023,HTTP Error 429: Too Many Requests
mcgowbr01,2023,HTTP Error 429: Too Many Requests
liddeej01,2023,HTTP Error 429: Too Many Requests
keelstr01,2023,HTTP Error 429: Too Many Requests
diabamo01,2023,HTTP Error 429: Too Many Requests
rolliry01,2023,HTTP Error 429: Too Many Requests
minotjo01,2023,HTTP Error 429: Too Many Requests
kamagis01,2023,HTTP Error 429: Too Many Requests
willivi01,2023,HTTP Error 429: Too Many Requests
brownke03,2023,HTTP Error 429: Too Many Requests
mobleis01,2023,HTTP Error 429: Too Many Requests
spagnma01,2023,HTTP Error 429: Too Many Requests
martity01,2023,HTTP Error 429: Too Many Requests
matkoka01,2023,HTTP Error 429: Too Many Requests
davisjd01,2023,HTTP Error 429: Too Many Requests
nzosaya01,2023,HTTP Error 429: Too Many Requests
santogu01,2023,HTTP Error 429: Too Many Requests
travelu01,2023,HTTP Error 429: Too Many Requests
walkeja01,2023,HTTP Error 429: Too Many Requests
bessohu01,2023,HTTP Error 429: Too Many Requests
wembavi01,2024,HTTP Error 429: Too Many Requests
millebr02,2024,HTTP Error 429: Too Many Requests
hendesc01,2024,HTTP Error 429: Too Many Requests
thompam01,2024,HTTP Error 429: Too Many Requests
thompau01,2024,HTTP Error 429: Too Many Requests
blackan01,2024,HTTP Error 429: Too Many Requests
coulibi01,2024,HTTP Error 429: Too Many Requests
walkeja02,2024,HTTP Error 429: Too Many Requests
hendrta01,2024,HTTP Error 429: Too Many Requests
wallaca01,2024,HTTP Error 429: Too Many Requests
howarje01,2024,HTTP Error 429: Too Many Requests
livelde01,2024,HTTP Error 429: Too Many Requests
dickgr01,2024,HTTP Error 429: Too Many Requests
hawkijo01,2024,HTTP Error 429: Too Many Requests
bufkiko01,2024,HTTP Error 429: Too Many Requests
georgke01,2024,HTTP Error 429: Too Many Requests
hoodsja01,2024,HTTP Error 429: Too Many Requests
jaqueja01,2024,HTTP Error 429: Too Many Requests
podzibr01,2024,HTTP Error 429: Too Many Requests
whitmca01,2024,HTTP Error 429: Too Many Requests
clownno01,2024,HTTP Error 429: Too Many Requests
whiteda01,2024,HTTP Error 429: Too Many Requests
murrakr01,2024,HTTP Error 429: Too Many Requests
prospol01,2024,HTTP Error 429: Too Many Requests
sassema01,2024,HTTP Error 429: Too Many Requests
sheppbe01,2024,HTTP Error 429: Too Many Requests
smithni01,2024,HTTP Error 429: Too Many Requests
sensabr01,2024,HTTP Error 429: Too Many Requests
strawju01,2024,HTTP Error 429: Too Many Requests
brownko01,2024,HTTP Error 429: Too Many Requests
nnajija01,2024,HTTP Error 429: Too Many Requests
pickeja02,2024,HTTP Error 429: Too Many Requests
millele01,2024,HTTP Error 429: Too Many Requests
jonesco02,2024,HTTP Error 429: Too Many Requests
phillju01,2024,HTTP Error 429: Too Many Requests
jacksan01,2024,HTTP Error 429: Too Many Requests
tysonhu01,2024,HTTP Error 429: Too Many Requests
walshjo01,2024,HTTP Error 429: Too Many Requests
gueyemo02,2024,HTTP Error 429: Too Many Requests
lewisma05,2024,HTTP Error 429: Too Many Requests
baileam01,2024,HTTP Error 429: Too Many Requests
vukcetr01,2024,HTTP Error 429: Too Many Requests
ruperra01,2024,HTTP Error 429: Too Many Requests
cissosi01,2024,HTTP Error 429: Too Many Requests
jacksgg01,2024,HTTP Error 429: Too Many Requests
lundyse01,2024,HTTP Error 429: Too Many Requests
kingmo01,2024,HTTP Error 429: Too Many Requests
millejo02,2024,HTTP Error 429: Too Many Requests
batesem01,2024,HTTP Error 429: Too Many Requests
johnske08,2024,HTTP Error 429: Too Many Requests
wilsoja03,2024,HTTP Error 429: Too Many Requests
camarto01,2024,HTTP Error 429: Too Many Requests
clarkja02,2024,HTTP Error 429: Too Many Requests
slawsja01,2024,HTTP Error 429: Too Many Requests
wongis01,2024,HTTP Error 429: Too Many Requests
biberta01,2024,HTTP Error 429: Too Many Requests
jackstr02,2024,HTTP Error 429: Too Many Requests
livinch01,2024,HTTP Error 429: Too Many Requests
risacza01,2025,HTTP Error 429: Too Many Requests
sarral01,2025,HTTP Error 429: Too Many Requests
sheppre01,2025,HTTP Error 429: Too Many Requests
castlst01,2025,HTTP Error 429: Too Many Requests
hollaro01,2025,HTTP Error 429: Too Many Requests
salauti01,2025,HTTP Error 429: Too Many Requests
clingdo01,2025,HTTP Error 429: Too Many Requests
dilliro01,2025,HTTP Error 429: Too Many Requests
edeyza01,2025,HTTP Error 429: Too Many Requests
willico04,2025,HTTP Error 429: Too Many Requests
buzelma01,2025,HTTP Error 429: Too Many Requests
topicni01,2025,HTTP Error 429: Too Many Requests
cartede02,2025,HTTP Error 429: Too Many Requests
carrica01,2025,HTTP Error 429: Too Many Requests
wareke01,2025,HTTP Error 429: Too Many Requests
mccaija01,2025,HTTP Error 429: Too Many Requests
knechda01,2025,HTTP Error 429: Too Many Requests
dasiltr01,2025,HTTP Error 429: Too Many Requests
walteja01,2025,HTTP Error 429: Too Many Requests
tysonja01,2025,HTTP Error 429: Too Many Requests
missiyv01,2025,HTTP Error 429: Too Many Requests
holmeda01,2025,HTTP Error 429: Too Many Requests
johnsaj01,2025,HTTP Error 429: Too Many Requests
georgky01,2025,HTTP Error 429: Too Many Requests
dadiepa01,2025,HTTP Error 429: Too Many Requests
jonesdi01,2025,HTTP Error 429: Too Many Requests
shannte01,2025,HTTP Error 429: Too Many Requests
dunnry01,2025,HTTP Error 429: Too Many Requests
colliis01,2025,HTTP Error 429: Too Many Requests
scheiba01,2025,HTTP Error 429: Too Many Requests
mogbojo01,2025,HTTP Error 429: Too Many Requests
filipky01,2025,HTTP Error 429: Too Many Requests
smithty02,2025,HTTP Error 429: Too Many Requests
kolekty01,2025,HTTP Error 429: Too Many Requests
furphjo01,2025,HTTP Error 429: Too Many Requests
nunezju01,2025,HTTP Error 429: Too Many Requests
klintbo01,2025,HTTP Error 429: Too Many Requests
mitchaj01,2025,HTTP Error 429: Too Many Requests
wellsja01,2025,HTTP Error 429: Too Many Requests
ighodos01,2025,HTTP Error 429: Too Many Requests
bonaad01,2025,HTTP Error 429: Too Many Requests
simpskj01,2025,HTTP Error 429: Too Many Requests
djurini01,2025,HTTP Error 429: Too Many Requests
larsspe01,2025,HTTP Error 429: Too Many Requests
sheadja01,2025,HTTP Error 429: Too Many Requests
chrisca02,2025,HTTP Error 429: Too Many Requests
reevean01,2025,HTTP Error 429: Too Many Requests
ingraha01,2025,HTTP Error 429: Too Many Requests
newtotr01,2025,HTTP Error 429: Too Many Requests
freemen01,2025,HTTP Error 429: Too Many Requests
ajincme01,2025,HTTP Error 429: Too Many Requests
postqu01,2025,HTTP Error 429: Too Many Requests
spencca01,2025,HTTP Error 429: Too Many Requests
watsoan02,2025,HTTP Error 429: Too Many Requests
jamesbr02,2025,HTTP Error 429: Too Many Requests
mcculke01,2025,HTTP Error 429: Too Many Requests
chomcul01,2025,HTTP Error 429: Too Many Requests
hukpoar01,2025,HTTP Error 429: Too Many Requests
flaggco01,2026,HTTP Error 429: Too Many Requests
harpedy01,2026,HTTP Error 429: Too Many Requests
edgecvj01,2026,HTTP Error 429: Too Many Requests
knuepko01,2026,HTTP Error 429: Too Many Requests
baileac01,2026,HTTP Error 429: Too Many Requests
johnstr03,2026,HTTP Error 429: Too Many Requests
fearsje01,2026,HTTP Error 429: Too Many Requests
demineg01,2026,HTTP Error 429: Too Many Requests
murraco01,2026,HTTP Error 429: Too Many Requests
maluakh01,2026,HTTP Error 429: Too Many Requests
cowarce01,2026,HTTP Error 429: Too Many Requests
essenno01,2026,HTTP Error 429: Too Many Requests
queende01,2026,HTTP Error 429: Too Many Requests
bryanca01,2026,HTTP Error 429: Too Many Requests
sorbeth01,2026,HTTP Error 429: Too Many Requests
yangha01,2026,HTTP Error 429: Too Many Requests
berinjo01,2026,HTTP Error 429: Too Many Requests
claytwa01,2026,HTTP Error 429: Too Many Requests
traorno01,2026,HTTP Error 429: Too Many Requests
jakucka01,2026,HTTP Error 429: Too Many Requests
rileywi01,2026,HTTP Error 429: Too Many Requests
poweldr01,2026,HTTP Error 429: Too Many Requests
newelas01,2026,HTTP Error 429: Too Many Requests
cliffni01,2026,HTTP Error 429: Too Many Requests
richaja02,2026,HTTP Error 429: Too Many Requests
sarafbe01,2026,HTTP Error 429: Too Many Requests
wolfda01,2026,HTTP Error 429: Too Many Requests
gonzahu01,2026,HTTP Error 429: Too Many Requests
mcneeli01,2026,HTTP Error 429: Too Many Requests
konanya01,2026,HTTP Error 429: Too Many Requests
flemira01,2026,HTTP Error 429: Too Many Requests
pendano01,2026,HTTP Error 429: Too Many Requests
jamessi01,2026,HTTP Error 429: Too Many Requests
kalkbry01,2026,HTTP Error 429: Too Many Requests
broomjo01,2026,HTTP Error 429: Too Many Requests
thierad01,2026,HTTP Error 429: Too Many Requests
laniech01,2026,HTTP Error 429: Too Many Requests
joneska03,2026,HTTP Error 429: Too Many Requests
martial01,2026,HTTP Error 429: Too Many Requests
peavymi01,2026,HTTP Error 429: Too Many Requests
breako01,2026,HTTP Error 429: Too Many Requests
raynama01,2026,HTTP Error 429: Too Many Requests
watkija01,2026,HTTP Error 429: Too Many Requests
barnhbr01,2026,HTTP Error 429: Too Many Requests
zikarro01,2026,HTTP Error 429: Too Many Requests
william01,2026,HTTP Error 429: Too Many Requests
markobo01,2026,HTTP Error 429: Too Many Requests
smallja01,2026,HTTP Error 429: Too Many Requests
proctty01,2026,HTTP Error 429: Too Many Requests
sandeko01,2026,HTTP Error 429: Too Many Requests
diawamo01,2026,HTTP Error 429: Too Many Requests
tooheal01,2026,HTTP Error 429: Too Many Requests
tonjejo01,2026,HTTP Error 429: Too Many Requests
peterta01,2026,HTTP Error 429: Too Many Requests
olbrila01,2026,HTTP Error 429: Too Many Requests
richawi02,2026,HTTP Error 429: Too Many Requests
shulgma01,2026,HTTP Error 429: Too Many Requests
niangsa01,2026,HTTP Error 429: Too Many Requests
mashaja01,2026,HTTP Error 429: Too Many Requests
